<?xml version="1.0"?>
<Project>
  <Info>
    <PrjName>asdf</PrjName>
    <PrjNameLong>asdf</PrjNameLong>
    <AlwaysDoubleWide>true</AlwaysDoubleWide>
    <BulletColor>#0EFE0E</BulletColor>
    <PageDisplay>single</PageDisplay>
    <SinglePageWidth>500</SinglePageWidth>
    <SinglePageHeight>641</SinglePageHeight>
    <TimeToInterrupt>1000</TimeToInterrupt>
    <ReturnPageToPreviousStateOnInterruptions>false</ReturnPageToPreviousStateOnInterruptions>
    <DisallowPageNavigation>true</DisallowPageNavigation>
  </Info>
  <Pages>
    <Page>
            <RandomChoiceRemovals/>
            <NeedToUpdateSnap>false</NeedToUpdateSnap>
            <LeftBackground>Background3_Marsh2</LeftBackground>
            <PagePoints>0</PagePoints>
            <ResetWhenLeaving>true</ResetWhenLeaving>
            <RunningOpenPageLinks>false</RunningOpenPageLinks>
            <AllowPointsToGoNegative>false</AllowPointsToGoNegative>
            <CurrentObject/>
            <HasPlayedOpenPageFirstTime>false</HasPlayedOpenPageFirstTime>
            <PageName>1</PageName>
            <Objects>
                <Object>
                    <ObjName>Background3_Marsh2</ObjName>
                    <ObjFileName>P_Background3_Marsh2</ObjFileName>
                    <ObjMobility>static</ObjMobility>
                    <ObjType>image</ObjType>
                    <ObjExt>jpg</ObjExt>
                    <ObjIsImageSequence>false</ObjIsImageSequence>
                    <ObjImageSequenceFolder>P_</ObjImageSequenceFolder>
                    <ObjLayer>5</ObjLayer>
                    <ObjInitVis>show</ObjInitVis>
                    <ObjInitTopLeft>0,0</ObjInitTopLeft>
                    <ObjInitWidth>1000</ObjInitWidth>
                    <ObjInitHeight>641</ObjInitHeight>
                    <Source>P_Background3_Marsh2.jpg</Source>
                    <ParentSource>P_Background3_Marsh2.jpg</ParentSource>
                </Object>
                <Object>
                    <ObjName>Big Syll</ObjName>
                    <ObjFileName>P_big</ObjFileName>
                    <ObjMobility>static</ObjMobility>
                    <ObjType>image</ObjType>
                    <ObjExt>png</ObjExt>
                    <ObjIsImageSequence>false</ObjIsImageSequence>
                    <ObjImageSequenceFolder>P_</ObjImageSequenceFolder>
                    <ObjLayer>6</ObjLayer>
                    <ObjInitVis>hide</ObjInitVis>
                    <ObjInitTopLeft>163,296</ObjInitTopLeft>
                    <ObjInitWidth>408</ObjInitWidth>
                    <ObjInitHeight>275</ObjInitHeight>
                    <ObjAnimations>
                        <ObjAnimation>
                            <AnimationName>centerGrow</AnimationName>
                            <AnimationData>300,500|0%|0%|100%|0|.25:300,500|100%|100%|100%|--|--</AnimationData>
                            <OriginalAnimationData>300,500|100%|100%|100%|0|.5:301,498|100%|100%|100%|--|--</OriginalAnimationData>
                        </ObjAnimation>
                    </ObjAnimations>
                    <Source>P_big.png</Source>
                    <ParentSource>P_big.png</ParentSource>
                </Object>
                <Object>
                    <ObjName>Blue Syll</ObjName>
                    <ObjFileName>P_SW_PB_01_BE_blue</ObjFileName>
                    <ObjMobility>static</ObjMobility>
                    <ObjType>image</ObjType>
                    <ObjExt>png</ObjExt>
                    <ObjIsImageSequence>false</ObjIsImageSequence>
                    <ObjImageSequenceFolder>P_</ObjImageSequenceFolder>
                    <ObjLayer>7</ObjLayer>
                    <ObjInitVis>hide</ObjInitVis>
                    <ObjInitTopLeft>163,296</ObjInitTopLeft>
                    <ObjInitWidth>408</ObjInitWidth>
                    <ObjInitHeight>275</ObjInitHeight>
                    <Source>P_SW_PB_01_BE_blue.png</Source>
                    <ParentSource>P_SW_PB_01_BE_blue.png</ParentSource>
                </Object>
                <Object>
                    <ObjName>replay_button_stroke2</ObjName>
                    <ObjFileName>P_replay_button_stroke2</ObjFileName>
                    <ObjMobility>static</ObjMobility>
                    <ObjType>image</ObjType>
                    <ObjExt>png</ObjExt>
                    <ObjIsImageSequence>false</ObjIsImageSequence>
                    <ObjImageSequenceFolder>P_</ObjImageSequenceFolder>
                    <ObjLayer>8</ObjLayer>
                    <ObjInitVis>hide</ObjInitVis>
                    <ObjInitTopLeft>552,16</ObjInitTopLeft>
                    <ObjInitWidth>75</ObjInitWidth>
                    <ObjInitHeight>75</ObjInitHeight>
                </Object>
                <Object>
                    <ObjName>right_arrow_button_stroke2</ObjName>
                    <ObjFileName>P_right_arrow_button_stroke2</ObjFileName>
                    <ObjMobility>static</ObjMobility>
                    <ObjType>image</ObjType>
                    <ObjExt>png</ObjExt>
                    <ObjIsImageSequence>false</ObjIsImageSequence>
                    <ObjImageSequenceFolder>P_</ObjImageSequenceFolder>
                    <ObjLayer>9</ObjLayer>
                    <ObjInitVis>hide</ObjInitVis>
                    <ObjInitTopLeft>552,911</ObjInitTopLeft>
                    <ObjInitWidth>75</ObjInitWidth>
                    <ObjInitHeight>75</ObjInitHeight>
                </Object>
            </Objects>
            <Links>
                <Link>
                    <Name>MakeItBlue</Name>
                    <LinkType>graphic</LinkType>
                    <LineDrawing>none</LineDrawing>
                    <Points>156,62.877,62.877,526.156,526</Points>
                    <PinnedTo/>
                    <InitialStatus>disabled</InitialStatus>
                    <AutoHighlightLink/>
                    <Triggers>
                        <Trigger>
                            <TriggerType>click</TriggerType>
                            <Targets>
                                <Target>
                                    <Type>Audio</Type>
                                    <Action>play</Action>
                                    <Destination>P_Aud_inst_sw_BE</Destination>
                                    <ParentSource>P_Aud_inst_sw_BE</ParentSource>
                                </Target>
                                <Target>
                                    <Type>Object</Type>
                                    <Action>Hide</Action>
                                    <Destination>Big Syll</Destination>
                                </Target>
                                <Target>
                                    <Type>Object</Type>
                                    <Action>Show</Action>
                                    <Destination>Blue Syll</Destination>
                                </Target>
                                <Target>
                                    <Type>Wait</Type>
                                    <Action>time</Action>
                                    <Destination>0.75</Destination>
                                </Target>
                                <Target>
                                    <Type>Object</Type>
                                    <Action>Show</Action>
                                    <Destination>Big Syll</Destination>
                                </Target>
                                <Target>
                                    <Type>Object</Type>
                                    <Action>Hide</Action>
                                    <Destination>Blue Syll</Destination>
                                </Target>
                            </Targets>
                        </Trigger>
                    </Triggers>
                </Link>
                <Link>
                    <Name>Link 1</Name>
                    <LinkType>graphic</LinkType>
                    <LineDrawing>none</LineDrawing>
                    <Points>13,548.98,548.98,633.13,633</Points>
                    <PinnedTo/>
                    <InitialStatus>enabled</InitialStatus>
                    <AutoHighlightLink/>
                    <Triggers>
                        <Trigger>
                            <TriggerType>click</TriggerType>
                            <Targets>
                                <Target>
                                    <Type>Object</Type>
                                    <Action>Reset</Action>
                                    <Destination>Page</Destination>
                                </Target>
                                <Target>
                                    <Type>Object</Type>
                                    <Action>send click to</Action>
                                    <Destination>V Link 1</Destination>
                                </Target>
                            </Targets>
                        </Trigger>
                    </Triggers>
                </Link>
                <Link>
                    <Name>Link 2</Name>
                    <LinkType>graphic</LinkType>
                    <LineDrawing>none</LineDrawing>
                    <Points>906,547.991,547.991,631.906,631</Points>
                    <PinnedTo/>
                    <InitialStatus>enabled</InitialStatus>
                    <AutoHighlightLink/>
                    <Triggers>
                        <Trigger>
                            <TriggerType>click</TriggerType>
                            <Targets>
                                <Target>
                                    <Type>Page</Type>
                                    <Action/>
                                    <Destination>Next</Destination>
                                </Target>
                            </Targets>
                        </Trigger>
                    </Triggers>
                </Link>
                <Link>
                    <Name>V Link 1</Name>
                    <LinkType>graphic</LinkType>
                    <LineDrawing>none</LineDrawing>
                    <Points>-80,0.-10,0.-10,70.-80,70</Points>
                    <PinnedTo/>
                    <InitialStatus>enabled</InitialStatus>
                    <AutoHighlightLink/>
                    <Triggers>
                        <Trigger>
                            <TriggerType>click</TriggerType>
                            <Targets>
                                <Target>
                                    <Type>Audio</Type>
                                    <Action>play</Action>
                                    <Destination>P_Aud_inst_sw_1</Destination>
                                </Target>
                                <Target>
                                    <Type>Wait</Type>
                                    <Action>time</Action>
                                    <Destination>Silence</Destination>
                                </Target>
                                <Target>
                                    <Type>Object</Type>
                                    <Action>Show</Action>
                                    <Destination>Big Syll</Destination>
                                </Target>
                                <Target>
                                    <Type>Audio</Type>
                                    <Action>play</Action>
                                    <Destination>P_Aud_inst_sw_BE</Destination>
                                    <ParentSource>P_Aud_inst_sw_BE</ParentSource>
                                </Target>
                                <Target>
                                    <Type>Object</Type>
                                    <Action>Play</Action>
                                    <Destination>Big Syll|centerGrow</Destination>
                                </Target>
                                <Target>
                                    <Type>Object</Type>
                                    <Action>Enable</Action>
                                    <Destination>MakeItBlue</Destination>
                                </Target>
                                <Target>
                                    <Type>Object</Type>
                                    <Action>Enable</Action>
                                    <Destination>Link 1</Destination>
                                </Target>
                                <Target>
                                    <Type>Object</Type>
                                    <Action>Enable</Action>
                                    <Destination>Link 2</Destination>
                                </Target>
                                <Target>
                                    <Type>Wait</Type>
                                    <Action>time</Action>
                                    <Destination>0.5</Destination>
                                </Target>
                                <Target>
                                    <Type>Object</Type>
                                    <Action>Show</Action>
                                    <Destination>replay_button_stroke2</Destination>
                                </Target>
                                <Target>
                                    <Type>Object</Type>
                                    <Action>Show</Action>
                                    <Destination>right_arrow_button_stroke2</Destination>
                                </Target>
                            </Targets>
                        </Trigger>
                    </Triggers>
                </Link>
                <Link>
                    <Name>Page</Name>
                    <LinkType>page</LinkType>
                    <LineDrawing/>
                    <Points/>
                    <PinnedTo/>
                    <InitialStatus/>
                    <Triggers>
                        <Trigger>
                            <TriggerType>Open Page</TriggerType>
                            <Targets>
                                <Target>
                                    <Type>Audio</Type>
                                    <Action>play</Action>
                                    <Destination>P_Aud_inst_sw_1</Destination>
                                </Target>
                                <Target>
                                    <Type>Wait</Type>
                                    <Action>time</Action>
                                    <Destination>Silence</Destination>
                                </Target>
                                <Target>
                                    <Type>Object</Type>
                                    <Action>Show</Action>
                                    <Destination>Big Syll</Destination>
                                </Target>
                                <Target>
                                    <Type>Audio</Type>
                                    <Action>play</Action>
                                    <Destination>P_Aud_inst_sw_BE</Destination>
                                    <ParentSource>P_Aud_inst_sw_BE</ParentSource>
                                </Target>
                                <Target>
                                    <Type>Object</Type>
                                    <Action>Play</Action>
                                    <Destination>Big Syll|centerGrow</Destination>
                                </Target>
                                <Target>
                                    <Type>Object</Type>
                                    <Action>Enable</Action>
                                    <Destination>MakeItBlue</Destination>
                                </Target>
                                <Target>
                                    <Type>Object</Type>
                                    <Action>Enable</Action>
                                    <Destination>Link 1</Destination>
                                </Target>
                                <Target>
                                    <Type>Object</Type>
                                    <Action>Enable</Action>
                                    <Destination>Link 2</Destination>
                                </Target>
                                <Target>
                                    <Type>Wait</Type>
                                    <Action>time</Action>
                                    <Destination>0.5</Destination>
                                </Target>
                                <Target>
                                    <Type>Object</Type>
                                    <Action>Show</Action>
                                    <Destination>replay_button_stroke2</Destination>
                                </Target>
                                <Target>
                                    <Type>Object</Type>
                                    <Action>Show</Action>
                                    <Destination>right_arrow_button_stroke2</Destination>
                                </Target>
                            </Targets>
                        </Trigger>
                    </Triggers>
                </Link>
            </Links>
        </Page>
  <Page>
            <RandomChoiceRemovals/>
            <NeedToUpdateSnap>false</NeedToUpdateSnap>
            <LeftBackground>Background3_Marsh2</LeftBackground>
            <PagePoints>0</PagePoints>
            <ResetWhenLeaving>true</ResetWhenLeaving>
            <RunningOpenPageLinks>false</RunningOpenPageLinks>
            <AllowPointsToGoNegative>false</AllowPointsToGoNegative>
            <CurrentObject/>
            <RightBackground/>
            <HasPlayedOpenPageFirstTime>false</HasPlayedOpenPageFirstTime>
            <PageName>2</PageName>
            <Objects>
                <Object>
                    <ObjName>Background3_Marsh2</ObjName>
                    <ObjFileName>P_Background3_Marsh2</ObjFileName>
                    <ObjMobility>static</ObjMobility>
                    <ObjType>image</ObjType>
                    <ObjExt>jpg</ObjExt>
                    <ObjIsImageSequence>false</ObjIsImageSequence>
                    <ObjImageSequenceFolder>P_</ObjImageSequenceFolder>
                    <ObjLayer>3</ObjLayer>
                    <ObjInitVis>show</ObjInitVis>
                    <ObjInitTopLeft>0,0</ObjInitTopLeft>
                    <ObjInitWidth>1000</ObjInitWidth>
                    <ObjInitHeight>641</ObjInitHeight>
                    <Source>P_Background3_Marsh2.jpg</Source>
                    <ParentSource>P_Background3_Marsh2.jpg</ParentSource>
                </Object>
                <Object>
                    <ObjName>Assoc pic</ObjName>
                    <ObjFileName>P_Shoulder pic</ObjFileName>
                    <ObjMobility>static</ObjMobility>
                    <ObjType>image</ObjType>
                    <ObjExt>png</ObjExt>
                    <ObjIsImageSequence>false</ObjIsImageSequence>
                    <ObjImageSequenceFolder>P_</ObjImageSequenceFolder>
                    <ObjLayer>4</ObjLayer>
                    <ObjInitVis>hide</ObjInitVis>
                    <ObjInitTopLeft>150,250</ObjInitTopLeft>
                    <ObjInitWidth>500</ObjInitWidth>
                    <ObjInitHeight>450</ObjInitHeight>
                    <ObjAnimations>
                        <ObjAnimation>
                            <AnimationName>buttonPress</AnimationName>
                            <AnimationData>375,500|100%|100%|100%|0|0.2:375,500|105%|105%|100%|0|0.2:375,500|100%|100%|100%|--|--</AnimationData>
                            <OriginalAnimationData>375,500|100%|100%|100%|0|.5:337,458|100%|100%|100%|0|.5:377,499|100%|100%|100%|--|--</OriginalAnimationData>
                        </ObjAnimation>
                        <ObjAnimation>
                            <AnimationName>centerGrow</AnimationName>
                            <AnimationData>375,500|0%|0%|100%|0|0.4:375,500|100%|100%|100%|--|--</AnimationData>
                            <OriginalAnimationData>375,500|100%|100%|100%|0|.5:375,499|100%|100%|100%|--|--</OriginalAnimationData>
                        </ObjAnimation>
                        <ObjAnimation>
                            <AnimationName>slideLeft</AnimationName>
                            <AnimationData>375,500|100%|100%|100%|0|.5:375,250|100%|100%|100%|--|--</AnimationData>
                            <OriginalAnimationData>375,500|100%|100%|100%|0|.5:378,250|100%|100%|100%|--|--</OriginalAnimationData>
                        </ObjAnimation>
                    </ObjAnimations>
                    <Source>P_Shoulder pic.png</Source>
                    <ParentSource>P_Shoulder pic.png</ParentSource>
                </Object>
                <Object>
                    <ObjName>Full Word</ObjName>
                    <ObjFileName>P_SW_PB_01_Bega</ObjFileName>
                    <ObjMobility>static</ObjMobility>
                    <ObjType>image</ObjType>
                    <ObjExt>png</ObjExt>
                    <ObjIsImageSequence>false</ObjIsImageSequence>
                    <ObjImageSequenceFolder>P_</ObjImageSequenceFolder>
                    <ObjLayer>5</ObjLayer>
                    <ObjInitVis>hide</ObjInitVis>
                    <ObjInitTopLeft>0,0</ObjInitTopLeft>
                    <ObjInitWidth>1000</ObjInitWidth>
                    <ObjInitHeight>600</ObjInitHeight>
                    <ObjAnimations>
                        <ObjAnimation>
                            <AnimationName>fadeIn</AnimationName>
                            <AnimationData>300,500|100%|100%|0%|0|0.25:300,500|100%|100%|100%|--|--</AnimationData>
                            <OriginalAnimationData>300,500|100%|100%|100%|0|.5:298,500|100%|100%|100%|--|--</OriginalAnimationData>
                        </ObjAnimation>
                    </ObjAnimations>
                    <Source>P_SW_PB_01_Bega.png</Source>
                    <ParentSource>P_SW_PB_01_Bega.png</ParentSource>
                </Object>
                <Object>
                    <ObjName>SmallSyll</ObjName>
                    <ObjFileName>P_small</ObjFileName>
                    <ObjMobility>draggable</ObjMobility>
                    <ObjType>image</ObjType>
                    <ObjExt>png</ObjExt>
                    <ObjIsImageSequence>false</ObjIsImageSequence>
                    <ObjImageSequenceFolder>P_</ObjImageSequenceFolder>
                    <ObjLayer>6</ObjLayer>
                    <ObjInitVis>hide</ObjInitVis>
                    <ObjInitTopLeft>42,339</ObjInitTopLeft>
                    <ObjInitWidth>173</ObjInitWidth>
                    <ObjInitHeight>117</ObjInitHeight>
                    <ObjAnimations>
                        <ObjAnimation>
                            <AnimationName>fadeInSyll</AnimationName>
                            <AnimationData>100,425|100%|100%|0%|0|0.25:100,425|100%|100%|100%|--|--</AnimationData>
                            <OriginalAnimationData>100,425|100%|100%|100%|0|.5:100,426|100%|100%|100%|--|--</OriginalAnimationData>
                        </ObjAnimation>
                        <ObjAnimation>
                            <AnimationName>spinToDragStart</AnimationName>
                            <AnimationData>100,425|100%|100%|100%|1|0.5:225,600|100%|100%|100%|--|--</AnimationData>
                            <OriginalAnimationData>100,425|100%|100%|100%|0|.5:269,595|100%|100%|100%|--|--</OriginalAnimationData>
                        </ObjAnimation>
                    </ObjAnimations>
                    <Source>P_small.png</Source>
                    <ParentSource>P_small.png</ParentSource>
                </Object>
                <Object>
                    <ObjName>suffixRedLine</ObjName>
                    <ObjFileName>P_SW_PB_01___ga</ObjFileName>
                    <ObjMobility>static</ObjMobility>
                    <ObjType>image</ObjType>
                    <ObjExt>png</ObjExt>
                    <ObjIsImageSequence>false</ObjIsImageSequence>
                    <ObjImageSequenceFolder>P_</ObjImageSequenceFolder>
                    <ObjLayer>7</ObjLayer>
                    <ObjInitVis>hide</ObjInitVis>
                    <ObjInitTopLeft>398,565</ObjInitTopLeft>
                    <ObjInitWidth>371</ObjInitWidth>
                    <ObjInitHeight>154</ObjInitHeight>
                    <Source>P_SW_PB_01___ga.png</Source>
                    <ParentSource>P_SW_PB_01___ga.png</ParentSource>
                </Object>
                <Object>
                    <ObjName>withWord</ObjName>
                    <ObjFileName>P_withWord</ObjFileName>
                    <ObjMobility>static</ObjMobility>
                    <ObjType>image</ObjType>
                    <ObjExt>png</ObjExt>
                    <ObjIsImageSequence>false</ObjIsImageSequence>
                    <ObjImageSequenceFolder>P_</ObjImageSequenceFolder>
                    <ObjLayer>8</ObjLayer>
                    <ObjInitVis>hide</ObjInitVis>
                    <ObjInitTopLeft>398,565</ObjInitTopLeft>
                    <ObjInitWidth>371</ObjInitWidth>
                    <ObjInitHeight>154</ObjInitHeight>
                    <Source>P_withWord.png</Source>
                    <ParentSource>P_withWord.png</ParentSource>
                </Object>
                <Object>
                    <ObjName>replay_button_stroke2</ObjName>
                    <ObjFileName>P_replay_button_stroke2</ObjFileName>
                    <ObjMobility>static</ObjMobility>
                    <ObjType>image</ObjType>
                    <ObjExt>png</ObjExt>
                    <ObjIsImageSequence>false</ObjIsImageSequence>
                    <ObjImageSequenceFolder>P_</ObjImageSequenceFolder>
                    <ObjLayer>9</ObjLayer>
                    <ObjInitVis>hide</ObjInitVis>
                    <ObjInitTopLeft>552,16</ObjInitTopLeft>
                    <ObjInitWidth>75</ObjInitWidth>
                    <ObjInitHeight>75</ObjInitHeight>
                </Object>
                <Object>
                    <ObjName>right_arrow_button_stroke2</ObjName>
                    <ObjFileName>P_right_arrow_button_stroke2</ObjFileName>
                    <ObjMobility>static</ObjMobility>
                    <ObjType>image</ObjType>
                    <ObjExt>png</ObjExt>
                    <ObjIsImageSequence>false</ObjIsImageSequence>
                    <ObjImageSequenceFolder>P_</ObjImageSequenceFolder>
                    <ObjLayer>10</ObjLayer>
                    <ObjInitVis>hide</ObjInitVis>
                    <ObjInitTopLeft>552,911</ObjInitTopLeft>
                    <ObjInitWidth>75</ObjInitWidth>
                    <ObjInitHeight>75</ObjInitHeight>
                </Object>
            </Objects>
            <Links>
                <Link>
                    <Name>DropZone</Name>
                    <LinkType>graphic</LinkType>
                    <LineDrawing>none</LineDrawing>
                    <Points>498,370.833,370.833,577.498,577</Points>
                    <PinnedTo/>
                    <InitialStatus>disabled</InitialStatus>
                    <AutoHighlightLink/>
                    <Triggers>
                        <Trigger>
                            <TriggerType>Drop,SmallSyll</TriggerType>
                            <Targets>
                                <Target>
                                    <Type>Object</Type>
                                    <Action>Disable</Action>
                                    <Destination>DropZone</Destination>
                                </Target>
                                <Target>
                                    <Type>Audio</Type>
                                    <Action>play</Action>
                                    <Destination>P_drop effect</Destination>
                                </Target>
                                <Target>
                                    <Type>Object</Type>
                                    <Action>Hide</Action>
                                    <Destination>SmallSyll</Destination>
                                </Target>
                                <Target>
                                    <Type>Object</Type>
                                    <Action>Hide</Action>
                                    <Destination>suffixRedLine</Destination>
                                </Target>
                                <Target>
                                    <Type>Object</Type>
                                    <Action>Show</Action>
                                    <Destination>withWord</Destination>
                                </Target>
                                <Target>
                                    <Type>Wait</Type>
                                    <Action>time</Action>
                                    <Destination>0.2</Destination>
                                </Target>
                                <Target>
                                    <Type>Audio</Type>
                                    <Action>play</Action>
                                    <Destination>P_Aud_sw_bega-</Destination>
                                    <ParentSource>P_Aud_sw_bega-</ParentSource>
                                </Target>
                                <Target>
                                    <Type>Wait</Type>
                                    <Action>time</Action>
                                    <Destination>0.5</Destination>
                                </Target>
                                <Target>
                                    <Type>Audio</Type>
                                    <Action>play</Action>
                                    <Destination>P_glint half second</Destination>
                                </Target>
                                <Target>
                                    <Type>Wait</Type>
                                    <Action>time</Action>
                                    <Destination>Silence</Destination>
                                </Target>
                                <Target>
                                    <Type>Wait</Type>
                                    <Action>time</Action>
                                    <Destination>0.5</Destination>
                                </Target>
                                <Target>
                                    <Type>Object</Type>
                                    <Action>Enable</Action>
                                    <Destination>Link 1</Destination>
                                </Target>
                                <Target>
                                    <Type>Object</Type>
                                    <Action>Enable</Action>
                                    <Destination>Link 2</Destination>
                                </Target>
                                <Target>
                                    <Type>Object</Type>
                                    <Action>show</Action>
                                    <Destination>replay_button_stroke2</Destination>
                                </Target>
                                <Target>
                                    <Type>Object</Type>
                                    <Action>show</Action>
                                    <Destination>right_arrow_button_stroke2</Destination>
                                </Target>
                            </Targets>
                        </Trigger>
                    </Triggers>
                </Link>
                <Link>
                    <Name>Link 1</Name>
                    <LinkType>graphic</LinkType>
                    <LineDrawing>none</LineDrawing>
                    <Points>907,548.991,548.991,632.907,632</Points>
                    <PinnedTo/>
                    <InitialStatus>disabled</InitialStatus>
                    <AutoHighlightLink/>
                    <Triggers>
                        <Trigger>
                            <TriggerType>click</TriggerType>
                            <Targets>
                                <Target>
                                    <Type>Page</Type>
                                    <Action/>
                                    <Destination>Next</Destination>
                                </Target>
                            </Targets>
                        </Trigger>
                    </Triggers>
                </Link>
                <Link>
                    <Name>Link 2</Name>
                    <LinkType>graphic</LinkType>
                    <LineDrawing>none</LineDrawing>
                    <Points>14,548.96,548.96,634.14,634</Points>
                    <PinnedTo/>
                    <InitialStatus>disabled</InitialStatus>
                    <AutoHighlightLink/>
                    <Triggers>
                        <Trigger>
                            <TriggerType>click</TriggerType>
                            <Targets>
                                <Target>
                                    <Type>Object</Type>
                                    <Action>Reset</Action>
                                    <Destination>Page</Destination>
                                </Target>
                                <Target>
                                    <Type>Object</Type>
                                    <Action>send click to</Action>
                                    <Destination>V Link 1</Destination>
                                </Target>
                            </Targets>
                        </Trigger>
                    </Triggers>
                </Link>
                <Link>
                    <Name>V Link 1</Name>
                    <LinkType>graphic</LinkType>
                    <LineDrawing>none</LineDrawing>
                    <Points>-80,0.-10,0.-10,70.-80,70</Points>
                    <PinnedTo/>
                    <InitialStatus>enabled</InitialStatus>
                    <AutoHighlightLink/>
                    <Triggers>
                        <Trigger>
                            <TriggerType>click</TriggerType>
                            <Targets>
                                <Target>
                                    <Type>Object</Type>
                                    <Action>Play</Action>
                                    <Destination>Full Word|fadeIn</Destination>
                                </Target>
                                <Target>
                                    <Type>Audio</Type>
                                    <Action>play</Action>
                                    <Destination>P_Aud_inst_sw_2</Destination>
                                </Target>
                                <Target>
                                    <Type>Wait</Type>
                                    <Action>time</Action>
                                    <Destination>Silence</Destination>
                                </Target>
                                <Target>
                                    <Type>Object</Type>
                                    <Action>Play</Action>
                                    <Destination>Assoc pic|centerGrow</Destination>
                                </Target>
                                <Target>
                                    <Type>Wait</Type>
                                    <Action>time</Action>
                                    <Destination>0.4</Destination>
                                </Target>
                                <Target>
                                    <Type>Audio</Type>
                                    <Action>play</Action>
                                    <Destination>P_Aud_sw_bega-</Destination>
                                    <ParentSource>P_Aud_sw_bega-</ParentSource>
                                </Target>
                                <Target>
                                    <Type>Object</Type>
                                    <Action>Play</Action>
                                    <Destination>Assoc pic|buttonPress</Destination>
                                </Target>
                                <Target>
                                    <Type>Wait</Type>
                                    <Action>time</Action>
                                    <Destination>Static</Destination>
                                </Target>
                                <Target>
                                    <Type>Object</Type>
                                    <Action>Play</Action>
                                    <Destination>Assoc pic|slideLeft</Destination>
                                </Target>
                                <Target>
                                    <Type>Audio</Type>
                                    <Action>play</Action>
                                    <Destination>P_Aud_inst_sw_find_be -</Destination>
                                    <ParentSource>P_Aud_inst_sw_find_be -</ParentSource>
                                </Target>
                                <Target>
                                    <Type>Wait</Type>
                                    <Action>time</Action>
                                    <Destination>Silence</Destination>
                                </Target>
                                <Target>
                                    <Type>Object</Type>
                                    <Action>Hide</Action>
                                    <Destination>Full Word</Destination>
                                </Target>
                                <Target>
                                    <Type>Object</Type>
                                    <Action>Show</Action>
                                    <Destination>SmallSyll</Destination>
                                </Target>
                                <Target>
                                    <Type>Object</Type>
                                    <Action>Play</Action>
                                    <Destination>SmallSyll|fadeInSyll</Destination>
                                </Target>
                                <Target>
                                    <Type>Wait</Type>
                                    <Action>time</Action>
                                    <Destination>0.4</Destination>
                                </Target>
                                <Target>
                                    <Type>Audio</Type>
                                    <Action>play</Action>
                                    <Destination>P_slide flute half second</Destination>
                                </Target>
                                <Target>
                                    <Type>Object</Type>
                                    <Action>Play</Action>
                                    <Destination>SmallSyll|spinToDragStart</Destination>
                                </Target>
                                <Target>
                                    <Type>Object</Type>
                                    <Action>Show</Action>
                                    <Destination>suffixRedLine</Destination>
                                </Target>
                                <Target>
                                    <Type>Object</Type>
                                    <Action>Enable</Action>
                                    <Destination>DropZone</Destination>
                                </Target>
                            </Targets>
                        </Trigger>
                    </Triggers>
                </Link>
                <Link>
                    <Name>Page</Name>
                    <LinkType>page</LinkType>
                    <LineDrawing/>
                    <Points/>
                    <PinnedTo/>
                    <InitialStatus/>
                    <Triggers>
                        <Trigger>
                            <TriggerType>Open Page</TriggerType>
                            <Targets>
                                <Target>
                                    <Type>Object</Type>
                                    <Action>Play</Action>
                                    <Destination>Full Word|fadeIn</Destination>
                                </Target>
                                <Target>
                                    <Type>Audio</Type>
                                    <Action>play</Action>
                                    <Destination>P_Aud_inst_sw_2</Destination>
                                </Target>
                                <Target>
                                    <Type>Wait</Type>
                                    <Action>time</Action>
                                    <Destination>Silence</Destination>
                                </Target>
                                <Target>
                                    <Type>Object</Type>
                                    <Action>Play</Action>
                                    <Destination>Assoc pic|centerGrow</Destination>
                                </Target>
                                <Target>
                                    <Type>Wait</Type>
                                    <Action>time</Action>
                                    <Destination>0.4</Destination>
                                </Target>
                                <Target>
                                    <Type>Audio</Type>
                                    <Action>play</Action>
                                    <Destination>P_Aud_sw_bega-</Destination>
                                    <ParentSource>P_Aud_sw_bega-</ParentSource>
                                </Target>
                                <Target>
                                    <Type>Object</Type>
                                    <Action>Play</Action>
                                    <Destination>Assoc pic|buttonPress</Destination>
                                </Target>
                                <Target>
                                    <Type>Wait</Type>
                                    <Action>time</Action>
                                    <Destination>Static</Destination>
                                </Target>
                                <Target>
                                    <Type>Object</Type>
                                    <Action>Play</Action>
                                    <Destination>Assoc pic|slideLeft</Destination>
                                </Target>
                                <Target>
                                    <Type>Audio</Type>
                                    <Action>play</Action>
                                    <Destination>P_Aud_inst_sw_find_be -</Destination>
                                    <ParentSource>P_Aud_inst_sw_find_be -</ParentSource>
                                </Target>
                                <Target>
                                    <Type>Wait</Type>
                                    <Action>time</Action>
                                    <Destination>Silence</Destination>
                                </Target>
                                <Target>
                                    <Type>Object</Type>
                                    <Action>Hide</Action>
                                    <Destination>Full Word</Destination>
                                </Target>
                                <Target>
                                    <Type>Object</Type>
                                    <Action>Show</Action>
                                    <Destination>SmallSyll</Destination>
                                </Target>
                                <Target>
                                    <Type>Object</Type>
                                    <Action>Play</Action>
                                    <Destination>SmallSyll|fadeInSyll</Destination>
                                </Target>
                                <Target>
                                    <Type>Wait</Type>
                                    <Action>time</Action>
                                    <Destination>0.4</Destination>
                                </Target>
                                <Target>
                                    <Type>Audio</Type>
                                    <Action>play</Action>
                                    <Destination>P_slide flute half second</Destination>
                                </Target>
                                <Target>
                                    <Type>Object</Type>
                                    <Action>Play</Action>
                                    <Destination>SmallSyll|spinToDragStart</Destination>
                                </Target>
                                <Target>
                                    <Type>Object</Type>
                                    <Action>Show</Action>
                                    <Destination>suffixRedLine</Destination>
                                </Target>
                                <Target>
                                    <Type>Object</Type>
                                    <Action>Enable</Action>
                                    <Destination>DropZone</Destination>
                                </Target>
                            </Targets>
                        </Trigger>
                    </Triggers>
                </Link>
            </Links>
        </Page></Pages>
</Project>
