<Project><Info><PrjName>EQ_MAP_Video</PrjName><BulletColor>#8867AC</BulletColor><PrjNameLong>EQ_MAP_Video</PrjNameLong><PrjRect>643,45,1643,686</PrjRect><HighlightLinkColor>128,255,255</HighlightLinkColor><HighlightLinkTransparency>50</HighlightLinkTransparency><LastPageSingleOrDouble>Single</LastPageSingleOrDouble><LastPlayedAmbientAudio></LastPlayedAmbientAudio><PageDisplay>single</PageDisplay><PointNames></PointNames><ResetRandomRemovals>true</ResetRandomRemovals><UpdatedGroups>true</UpdatedGroups><FontNamesList></FontNamesList><UnnecessaryFilesFromLastUpload>modImages	black_background.pngmodImages	CattleEngland.pngmodImages	Seaturte_still.pngvideo	Turtle_new.mov</UnnecessaryFilesFromLastUpload><ToBeDeterminedNote>true</ToBeDeterminedNote><MathAnswerSize>5</MathAnswerSize><SnapDroppedImagesIntoLocation>true</SnapDroppedImagesIntoLocation><AllowInterrupting>true</AllowInterrupting><TimeToInterrupt>0</TimeToInterrupt><HighlightLinkTransparency>50</HighlightLinkTransparency><SinglePageHeight>641</SinglePageHeight><SinglePageWidth>500</SinglePageWidth><AlwaysDoubleWide>true</AlwaysDoubleWide><PageNumbering>Page 1</PageNumbering><ReturnPageToPreviousStateOnInterruptions>false</ReturnPageToPreviousStateOnInterruptions><LastPageSpread>Single</LastPageSpread></Info><Pages><Page><ClickPromptRequired>true</ClickPromptRequired><RandomChoiceRemovals></RandomChoiceRemovals><NeedToUpdateSnap>false</NeedToUpdateSnap><PagePoints>0</PagePoints><RunningOpenPageLinks>false</RunningOpenPageLinks><PointNames></PointNames><AllowPointsToGoNegative>false</AllowPointsToGoNegative><HasPlayedOpenPageFirstTime>false</HasPlayedOpenPageFirstTime><InitialLayers>MarginRight	1MarginLeft	2black_background	3Turtle_new	4Seaturte_still	5CattleEngland	6Link 3	7Link 1	8Link 2	9MobileCover	10</InitialLayers><PageName>Page 1</PageName><Objects><Object><ObjName>black_background</ObjName><ObjFileName>black_background</ObjFileName><ObjMobility>static</ObjMobility><ObjInitialMobility>static</ObjInitialMobility><InitialStatus>enabled</InitialStatus><ObjType>image</ObjType><ObjFileLeaf>black_background.png</ObjFileLeaf><ObjExt>png</ObjExt><ObjIsImageSequence>false</ObjIsImageSequence><ObjImageSequenceFolder></ObjImageSequenceFolder><ObjLayer>3</ObjLayer><ObjInitVis>show</ObjInitVis><ObjInitTopLeft>0,0</ObjInitTopLeft><ObjInitWidth>1000</ObjInitWidth><ObjInitHeight>641</ObjInitHeight><ObjMoveForwardAfterDragging></ObjMoveForwardAfterDragging></Object><Object><ObjName>Turtle_new</ObjName><ObjMobility>static</ObjMobility><ObjInitialMobility>static</ObjInitialMobility><InitialStatus>enabled</InitialStatus><ObjType>video</ObjType><ObjFileLeaf>Turtle_new.mp4</ObjFileLeaf><ObjExt>mp4</ObjExt><ObjIsImageSequence>false</ObjIsImageSequence><ObjImageSequenceFolder></ObjImageSequenceFolder><ObjLayer>4</ObjLayer><ObjInitVis>hide</ObjInitVis><ObjInitTopLeft>-14,-2</ObjInitTopLeft><ObjInitWidth>1004</ObjInitWidth><ObjInitHeight>670</ObjInitHeight><ObjMoveForwardAfterDragging></ObjMoveForwardAfterDragging><ObjShowController>true</ObjShowController></Object><Object><ObjName>Seaturte_still</ObjName><ObjFileName>Seaturte_still</ObjFileName><ObjMobility>static</ObjMobility><ObjInitialMobility>static</ObjInitialMobility><InitialStatus>enabled</InitialStatus><ObjType>image</ObjType><ObjFileLeaf>Seaturte_still.png</ObjFileLeaf><ObjExt>png</ObjExt><ObjIsImageSequence>false</ObjIsImageSequence><ObjImageSequenceFolder></ObjImageSequenceFolder><ObjLayer>5</ObjLayer><ObjInitVis>show</ObjInitVis><ObjInitTopLeft>0,0</ObjInitTopLeft><ObjInitWidth>1000</ObjInitWidth><ObjInitHeight>641</ObjInitHeight><ObjMoveForwardAfterDragging></ObjMoveForwardAfterDragging></Object><Object><ObjName>CattleEngland</ObjName><ObjFileName>CattleEngland</ObjFileName><ObjMobility>static</ObjMobility><ObjInitialMobility>static</ObjInitialMobility><InitialStatus>enabled</InitialStatus><ObjType>image</ObjType><ObjFileLeaf>CattleEngland.png</ObjFileLeaf><ObjExt>png</ObjExt><ObjIsImageSequence>false</ObjIsImageSequence><ObjImageSequenceFolder></ObjImageSequenceFolder><ObjLayer>6</ObjLayer><ObjInitVis>show</ObjInitVis><ObjInitTopLeft>519,648</ObjInitTopLeft><ObjInitWidth>361</ObjInitWidth><ObjInitHeight>132</ObjInitHeight><ObjMoveForwardAfterDragging></ObjMoveForwardAfterDragging></Object></Objects><Links><Link><Name>Link 3</Name><LinkType>graphic</LinkType><LineDrawing>none</LineDrawing><Points>0,2.999,2.999,523.0,523.0,2</Points><CurrentRect>-1,1,1000,524</CurrentRect><GraphicStyle>polygon</GraphicStyle><PinnedTo></PinnedTo><InitialStatus>enabled</InitialStatus><AutoHighlightLink></AutoHighlightLink><Triggers><Trigger><TriggerType>click</TriggerType><Targets><Target><Type>Object</Type><Action>hide</Action><Destination>Turtle_new</Destination></Target></Targets></Trigger></Triggers></Link><Link><Name>Link 1</Name><LinkType>graphic</LinkType><LineDrawing>none</LineDrawing><Points>96,535.209,535.209,639.96,639.96,535</Points><CurrentRect>95,534,210,640</CurrentRect><GraphicStyle>polygon</GraphicStyle><PinnedTo></PinnedTo><InitialStatus>enabled</InitialStatus><AutoHighlightLink></AutoHighlightLink><Triggers><Trigger><TriggerType>click</TriggerType><Targets><Target><Type>Object</Type><Action>reset</Action><Destination>Page</Destination></Target></Targets></Trigger></Triggers></Link><Link><Name>Link 2</Name><LinkType>graphic</LinkType><LineDrawing>none</LineDrawing><Points>6,533.94,533.94,640.6,640.6,533</Points><CurrentRect>5,532,95,641</CurrentRect><GraphicStyle>polygon</GraphicStyle><PinnedTo></PinnedTo><InitialStatus>enabled</InitialStatus><AutoHighlightLink></AutoHighlightLink><Triggers><Trigger><TriggerType>click</TriggerType><Targets><Target><Type>Page</Type><Action>URL</Action><Destination>To be Determined</Destination></Target></Targets></Trigger></Triggers></Link><Link><Name>Page</Name><LinkType>page</LinkType><LineDrawing></LineDrawing><Points></Points><PinnedTo></PinnedTo><InitialStatus></InitialStatus><Triggers><Trigger><TriggerType>Open Page</TriggerType><Targets><Target><Type>Object</Type><Action>Play</Action><Destination>Turtle_new</Destination></Target></Targets></Trigger></Triggers></Link></Links></Page></Pages><Assets><Asset><Source>black_background.png</Source><Type>Image</Type><FixedOrVariable>fixed</FixedOrVariable></Asset><Asset><Source>CattleEngland.png</Source><Type>Image</Type><FixedOrVariable>variable</FixedOrVariable></Asset><Asset><Source>Seaturte_still.png</Source><Type>Image</Type><FixedOrVariable>variable</FixedOrVariable></Asset><Asset><Source>Turtle_new.mov</Source><Type>Video</Type><FixedOrVariable>fixed</FixedOrVariable></Asset><Asset><Source>Turtle_new.mp4</Source><Type>Video</Type><FixedOrVariable>variable</FixedOrVariable></Asset></Assets></Project>